time,angle,vel,accel,dis,turn_point
0.00,30.0000,0.0000,0.0000,0.0000,1
0.02,29.8876,-0.0981,-4.9050,-0.0020,0
0.04,29.6610,-0.1958,-4.8870,-0.0059,0
0.06,29.3264,-0.2928,-4.8510,-0.0118,0
0.08,28.8785,-0.3887,-4.7958,-0.0196,0
0.10,28.3234,-0.4831,-4.7225,-0.0293,0
0.12,27.6615,-0.5757,-4.6307,-0.0408,0
0.14,26.8990,-0.6661,-4.5213,-0.0541,0
0.16,26.0363,-0.7540,-4.3941,-0.0692,0
0.18,25.0737,-0.8390,-4.2490,-0.0860,0
0.20,24.0175,-0.9207,-4.0868,-0.1044,0
0.22,22.8737,-0.9989,-3.9082,-0.1244,0
0.24,21.6426,-1.0732,-3.7132,-0.1459,0
0.26,20.3305,-1.1433,-3.5026,-0.1688,0
0.28,18.9432,-1.2088,-3.2773,-0.1930,0
0.30,17.4871,-1.2696,-3.0383,-0.2184,0
0.32,15.9679,-1.3253,-2.7866,-0.2449,0
0.34,14.3918,-1.3758,-2.5231,-0.2724,0
0.36,12.7645,-1.4208,-2.2492,-0.3008,0
0.38,11.0923,-1.4601,-1.9658,-0.3300,0
0.40,9.3809,-1.4936,-1.6742,-0.3599,0
0.42,7.6362,-1.5211,-1.3757,-0.3903,0
0.44,5.8698,-1.5425,-1.0724,-0.4212,0
0.46,4.0819,-1.5578,-0.7649,-0.4524,0
0.48,2.2838,-1.5669,-0.4552,-0.4837,0
0.50,0.4872,-1.5698,-0.1458,-0.5151,0
0.52,-1.3082,-1.5665,0.1630,-0.5464,0
0.54,-3.0907,-1.5571,0.4690,-0.5775,0
0.56,-4.8550,-1.5417,0.7710,-0.6083,0
0.58,-6.5952,-1.5203,1.0676,-0.6387,0
0.60,-8.3058,-1.4931,1.3578,-0.6686,0
0.62,-9.9813,-1.4603,1.6404,-0.6978,0
0.64,-11.6105,-1.4220,1.9135,-0.7262,0
0.66,-13.1878,-1.3785,2.1761,-0.7538,0
0.68,-14.7136,-1.3299,2.4284,-0.7804,0
0.70,-16.1764,-1.2765,2.6685,-0.8059,0
0.72,-17.5711,-1.2186,2.8957,-0.8303,0
0.74,-18.8978,-1.1564,3.1103,-0.8534,0
0.76,-20.1455,-1.0902,3.3107,-0.8752,0
0.78,-21.3144,-1.0203,3.4974,-0.8956,0
0.80,-22.3992,-0.9469,3.6698,-0.9145,0
0.82,-23.3943,-0.8704,3.8275,-0.9319,0
0.84,-24.3003,-0.7910,3.9708,-0.9477,0
0.86,-25.1117,-0.7090,4.0994,-0.9619,0
0.88,-25.8287,-0.6247,4.2136,-0.9744,0
0.90,-26.4460,-0.5384,4.3131,-0.9852,0
0.92,-26.9640,-0.4504,4.3982,-0.9942,0
0.94,-27.3772,-0.3610,4.4683,-1.0014,0
0.96,-27.6860,-0.2705,4.5239,-1.0068,0
0.98,-27.8907,-0.1792,4.5652,-1.0104,0
1.00,-27.9918,-0.0874,4.5923,-1.0121,0
1.02,-27.9837,0.0047,4.6046,-1.0120,1
1.04,-27.8725,0.0968,4.6030,-1.0101,0
1.06,-27.6585,0.1885,4.5856,-1.0063,0
1.08,-27.3365,0.2795,4.5500,-1.0007,0
1.10,-26.9125,0.3694,4.4970,-0.9933,0
1.12,-26.3872,0.4579,4.4265,-0.9841,0
1.14,-25.7606,0.5447,4.3386,-0.9732,0
1.16,-25.0390,0.6294,4.2338,-0.9606,0
1.18,-24.2228,0.7116,4.1122,-0.9464,0
1.20,-23.3182,0.7911,3.9746,-0.9306,0
1.22,-22.3254,0.8675,3.8208,-0.9132,0
1.24,-21.2447,0.9405,3.6517,-0.8944,0
1.26,-20.0882,1.0098,3.4663,-0.8742,0
1.28,-18.8559,1.0751,3.2674,-0.8527,0
1.30,-17.5541,1.1362,3.0549,-0.8300,0
1.32,-16.1887,1.1928,2.8299,-0.8061,0
1.34,-14.7599,1.2446,2.5923,-0.7812,0
1.36,-13.2795,1.2915,2.3443,-0.7554,0
1.38,-11.7535,1.3332,2.0869,-0.7287,0
1.40,-10.1820,1.3696,1.8202,-0.7013,0
1.42,-8.5766,1.4005,1.5465,-0.6733,0
1.44,-6.9434,1.4258,1.2669,-0.6448,0
1.46,-5.2880,1.4455,0.9828,-0.6159,0
1.48,-3.6161,1.4594,0.6952,-0.5867,0
1.50,-1.9338,1.4675,0.4056,-0.5573,0
1.52,-0.2466,1.4698,0.1162,-0.5279,0
1.54,1.4338,1.4663,-0.1738,-0.4986,0
1.56,3.1020,1.4571,-0.4602,-0.4695,0
1.58,4.7523,1.4422,-0.7428,-0.4407,0
1.60,6.3790,1.4218,-1.0203,-0.4123,0
1.62,7.9766,1.3960,-1.2918,-0.3844,0
1.64,9.5395,1.3649,-1.5560,-0.3571,0
1.66,11.0622,1.3287,-1.8121,-0.3305,0
1.68,12.5391,1.2875,-2.0591,-0.3047,0
1.70,13.9647,1.2416,-2.2951,-0.2799,0
1.72,15.3279,1.1912,-2.5213,-0.2561,0
1.74,16.6289,1.1365,-2.7349,-0.2334,0
1.76,17.8622,1.0778,-2.9362,-0.2118,0
1.78,19.0282,1.0153,-3.1256,-0.1915,0
1.80,20.1156,0.9493,-3.3014,-0.1725,0
1.82,21.1249,0.8800,-3.4641,-0.1549,0
1.84,22.0505,0.8077,-3.6130,-0.1387,0
1.86,22.8927,0.7327,-3.7486,-0.1240,0
1.88,23.6462,0.6553,-3.8703,-0.1109,0
1.90,24.3057,0.5757,-3.9776,-0.0994,0
1.92,24.8712,0.4943,-4.0709,-0.0895,0
1.94,25.3433,0.4113,-4.1505,-0.0813,0
1.96,25.7165,0.3270,-4.2158,-0.0748,0
1.98,25.9912,0.2417,-4.2671,-0.0700,0
2.00,26.1676,0.1556,-4.3046,-0.0669,0
2.02,26.2460,0.0690,-4.3285,-0.0655,0
2.04,26.2268,-0.0178,-4.3389,-0.0659,1
2.06,26.1045,-0.1045,-4.3349,-0.0680,0
2.08,25.8852,-0.1908,-4.3153,-0.0718,0
2.10,25.5694,-0.2764,-4.2793,-0.0773,0
2.12,25.1574,-0.3609,-4.2267,-0.0845,0
2.14,24.6497,-0.4440,-4.1575,-0.0934,0
2.16,24.0465,-0.5254,-4.0716,-0.1039,0
2.18,23.3539,-0.6048,-3.9698,-0.1160,0
2.20,22.5724,-0.6818,-3.8522,-0.1296,0
2.22,21.7079,-0.7562,-3.7194,-0.1447,0
2.24,20.7609,-0.8276,-3.5715,-0.1613,0
2.26,19.7317,-0.8958,-3.4084,-0.1792,0
2.28,18.6320,-0.9604,-3.2319,-0.1984,0
2.30,17.4623,-1.0212,-3.0420,-0.2188,0
2.32,16.2284,-1.0780,-2.8397,-0.2404,0
2.34,14.9306,-1.1305,-2.6250,-0.2630,0
2.36,13.5807,-1.1785,-2.3998,-0.2866,0
2.38,12.1790,-1.2218,-2.1644,-0.3110,0
2.40,10.7369,-1.2602,-1.9207,-0.3362,0
2.42,9.2548,-1.2936,-1.6688,-0.3621,0
2.44,7.7385,-1.3218,-1.4101,-0.3885,0
2.46,6.1996,-1.3447,-1.1466,-0.4154,0
2.48,4.6383,-1.3623,-0.8786,-0.4426,0
2.50,3.0659,-1.3745,-0.6082,-0.4701,0
2.52,1.4825,-1.3812,-0.3357,-0.4977,0
2.54,-0.1003,-1.3825,-0.0633,-0.5253,0
2.56,-1.6769,-1.3783,0.2088,-0.5529,0
2.58,-3.2473,-1.3688,0.4774,-0.5803,0
2.60,-4.8002,-1.3539,0.7433,-0.6074,0
2.62,-6.3299,-1.3338,1.0044,-0.6341,0
2.64,-7.8308,-1.3086,1.2597,-0.6603,0
2.66,-9.2974,-1.2784,1.5081,-0.6859,0
2.68,-10.7240,-1.2434,1.7486,-0.7108,0
2.70,-12.1053,-1.2038,1.9803,-0.7349,0
2.72,-13.4357,-1.1598,2.2024,-0.7581,0
2.74,-14.7096,-1.1115,2.4139,-0.7803,0
2.76,-15.9217,-1.0592,2.6142,-0.8015,0
2.78,-17.0721,-1.0031,2.8034,-0.8216,0
2.80,-18.1554,-0.9435,2.9809,-0.8405,0
2.82,-19.1662,-0.8806,3.1460,-0.8581,0
2.84,-20.0990,-0.8146,3.2981,-0.8744,0
2.86,-20.9541,-0.7458,3.4376,-0.8893,0
2.88,-21.7261,-0.6745,3.5637,-0.9028,0
2.90,-22.4153,-0.6010,3.6769,-0.9148,0
2.92,-23.0163,-0.5255,3.7767,-0.9253,0
2.94,-23.5294,-0.4482,3.8632,-0.9343,0
2.96,-23.9548,-0.3695,3.9367,-0.9417,0
2.98,-24.2873,-0.2896,3.9968,-0.9475,0
3.00,-24.5269,-0.2087,4.0434,-0.9517,0
3.02,-24.6741,-0.1272,4.0769,-0.9542,0
3.04,-24.7235,-0.0453,4.0965,-0.9551,0
3.06,-24.6811,0.0368,4.1031,-0.9544,1
3.08,-24.5470,0.1187,4.0965,-0.9520,0
3.10,-24.3162,0.2002,4.0738,-0.9480,0
3.12,-23.9945,0.2809,4.0355,-0.9424,0
3.14,-23.5824,0.3605,3.9815,-0.9352,0
3.16,-23.0803,0.4387,3.9118,-0.9264,0
3.18,-22.4884,0.5152,3.8262,-0.9161,0
3.20,-21.8129,0.5897,3.7258,-0.9043,0
3.22,-21.0541,0.6619,3.6103,-0.8911,0
3.24,-20.2180,0.7315,3.4808,-0.8765,0
3.26,-19.3050,0.7982,3.3370,-0.8605,0
3.28,-18.3155,0.8618,3.1791,-0.8433,0
3.30,-17.2610,0.9220,3.0088,-0.8249,0
3.32,-16.1420,0.9785,2.8262,-0.8053,0
3.34,-14.9587,1.0311,2.6313,-0.7847,0
3.36,-13.7228,1.0796,2.4261,-0.7631,0
3.38,-12.4346,1.1238,2.2105,-0.7406,0
3.40,-11.1000,1.1635,1.9858,-0.7173,0
3.42,-9.7248,1.1986,1.7530,-0.6933,0
3.44,-8.3150,1.2289,1.5131,-0.6687,0
3.46,-6.8764,1.2542,1.2674,-0.6436,0
3.48,-5.4151,1.2745,1.0171,-0.6181,0
3.50,-3.9366,1.2898,0.7632,-0.5923,0
3.52,-2.4467,1.2999,0.5071,-0.5663,0
3.54,-0.9513,1.3049,0.2498,-0.5402,0
3.56,0.5440,1.3048,-0.0074,-0.5141,0
3.58,2.0334,1.2995,-0.2634,-0.4881,0
3.60,3.5112,1.2892,-0.5171,-0.4623,0
3.62,4.9719,1.2739,-0.7672,-0.4368,0
3.64,6.4098,1.2536,-1.0127,-0.4117,0
3.66,7.8191,1.2285,-1.2526,-0.3871,0
3.68,9.1945,1.1988,-1.4858,-0.3631,0
3.70,10.5304,1.1646,-1.7115,-0.3398,0
3.72,11.8212,1.1260,-1.9286,-0.3173,0
3.74,13.0614,1.0833,-2.1363,-0.2956,0
3.76,14.2512,1.0366,-2.3347,-0.2749,0
3.78,15.3794,0.9862,-2.5221,-0.2552,0
3.80,16.4464,0.9322,-2.6988,-0.2366,0
3.82,17.4464,0.8749,-2.8639,-0.2191,0
3.84,18.3799,0.8145,-3.0177,-0.2028,0
3.86,19.2413,0.7513,-3.1597,-0.1878,0
3.88,20.0254,0.6855,-3.2891,-0.1741,0
3.90,20.7323,0.6174,-3.4062,-0.1618,0
3.92,21.3566,0.5472,-3.5104,-0.1509,0
3.94,21.8986,0.4752,-3.6021,-0.1414,0
3.96,22.3585,0.4016,-3.6813,-0.1334,0
3.98,22.7310,0.3266,-3.7476,-0.1269,0
4.00,23.0163,0.2506,-3.8010,-0.1219,0
4.02,23.2148,0.1738,-3.8418,-0.1184,0
4.04,23.3266,0.0964,-3.8701,-0.1165,0
4.06,23.3465,0.0187,-3.8852,-0.1161,0
4.08,23.2803,-0.0591,-3.8879,-0.1173,1
4.10,23.1226,-0.1366,-3.8767,-0.1200,0
4.12,22.8797,-0.2136,-3.8508,-0.1243,0
4.14,22.5461,-0.2898,-3.8093,-0.1301,0
4.16,22.1277,-0.3649,-3.7530,-0.1374,0
4.18,21.6250,-0.4385,-3.6818,-0.1462,0
4.20,21.0385,-0.5104,-3.5958,-0.1564,0
4.22,20.3739,-0.5803,-3.4958,-0.1680,0
4.24,19.6318,-0.6479,-3.3817,-0.1810,0
4.26,18.8125,-0.7130,-3.2536,-0.1953,0
4.28,17.9218,-0.7752,-3.1122,-0.2108,0
4.30,16.9659,-0.8344,-2.9587,-0.2275,0
4.32,15.9450,-0.8903,-2.7929,-0.2453,0
4.34,14.8652,-0.9426,-2.6158,-0.2642,0
4.36,13.7267,-0.9911,-2.4274,-0.2840,0
4.38,12.5412,-1.0357,-2.2298,-0.3047,0
4.40,11.3088,-1.0762,-2.0230,-0.3262,0
4.42,10.0354,-1.1124,-1.8081,-0.3484,0
4.44,8.7271,-1.1441,-1.5862,-0.3713,0
4.46,7.3839,-1.1712,-1.3574,-0.3947,0
4.48,6.0175,-1.1937,-1.1238,-0.4186,0
4.50,4.6278,-1.2114,-0.8857,-0.4428,0
4.52,3.2265,-1.2243,-0.6450,-0.4673,0
4.54,1.8135,-1.2323,-0.4021,-0.4919,0
4.56,0.4004,-1.2355,-0.1591,-0.5166,0
4.58,-1.0129,-1.2338,0.0840,-0.5413,0
4.60,-2.4206,-1.2273,0.3259,-0.5658,0
4.62,-3.8114,-1.2160,0.5645,-0.5901,0
4.64,-5.1853,-1.2000,0.7997,-0.6141,0
4.66,-6.5368,-1.1794,1.0306,-0.6377,0
4.68,-7.8602,-1.1543,1.2560,-0.6608,0
4.70,-9.1500,-1.1248,1.4750,-0.6833,0
4.72,-10.4005,-1.0911,1.6865,-0.7051,0
4.74,-11.6063,-1.0533,1.8898,-0.7262,0
4.76,-12.7674,-1.0116,2.0849,-0.7464,0
4.78,-13.8728,-0.9662,2.2700,-0.7657,0
4.80,-14.9225,-0.9173,2.4452,-0.7840,0
4.82,-15.9112,-0.8651,2.6099,-0.8013,0
4.84,-16.8391,-0.8098,2.7642,-0.8175,0
4.86,-17.7006,-0.7517,2.9074,-0.8325,0
4.88,-18.4905,-0.6909,3.0389,-0.8463,0
4.90,-19.2087,-0.6277,3.1588,-0.8589,0
4.92,-19.8558,-0.5624,3.2674,-0.8701,0
4.94,-20.4204,-0.4951,3.3632,-0.8800,0
4.96,-20.9086,-0.4262,3.4472,-0.8885,0
4.98,-21.3150,-0.3558,3.5189,-0.8956,0
5.00,-21.6398,-0.2842,3.5784,-0.9013,0
5.02,-21.8833,-0.2117,3.6258,-0.9055,0
5.04,-22.0400,-0.1385,3.6605,-0.9083,0
5.06,-22.1161,-0.0648,3.6834,-0.9096,0
5.08,-22.1058,0.0091,3.6937,-0.9094,1
5.10,-22.0098,0.0829,3.6915,-0.9077,0
5.12,-21.8282,0.1564,3.6754,-0.9046,0
5.14,-21.5670,0.2293,3.6454,-0.9000,0
5.16,-21.2209,0.3013,3.6007,-0.8940,0
5.18,-20.7960,0.3721,3.5420,-0.8866,0
5.20,-20.2925,0.4415,3.4695,-0.8778,0
5.22,-19.7108,0.5092,3.3830,-0.8676,0
5.24,-19.0511,0.5749,3.2825,-0.8561,0
5.26,-18.3195,0.6383,3.1690,-0.8433,0
5.28,-17.5164,0.6991,3.0424,-0.8293,0
5.30,-16.6477,0.7572,2.9036,-0.8142,0
5.32,-15.7194,0.8123,2.7535,-0.7980,0
5.34,-14.7318,0.8641,2.5922,-0.7807,0
5.36,-13.6852,0.9125,2.4198,-0.7625,0
5.38,-12.5911,0.9573,2.2381,-0.7434,0
5.40,-11.4498,0.9982,2.0473,-0.7234,0
5.42,-10.2616,1.0351,1.8474,-0.7027,0
5.44,-9.0380,1.0679,1.6404,-0.6813,0
5.46,-7.7792,1.0964,1.4266,-0.6594,0
5.48,-6.4968,1.1206,1.2079,-0.6370,0
5.50,-5.1907,1.1403,0.9845,-0.6142,0
5.52,-3.8670,1.1555,0.7575,-0.5911,0
5.54,-2.5313,1.1661,0.5282,-0.5678,0
5.56,-1.1895,1.1720,0.2975,-0.5444,0
5.58,0.1527,1.1733,0.0667,-0.5209,0
5.60,1.4954,1.1700,-0.1642,-0.4975,0
5.62,2.8271,1.1621,-0.3929,-0.4743,0
5.64,4.1421,1.1497,-0.6185,-0.4513,0
5.66,5.4406,1.1329,-0.8408,-0.4286,0
5.68,6.7170,1.1117,-1.0589,-0.4064,0
5.70,7.9598,1.0863,-1.2707,-0.3847,0
5.72,9.1693,1.0568,-1.4762,-0.3636,0
5.74,10.3399,1.0233,-1.6746,-0.3431,0
5.76,11.4717,0.9860,-1.8658,-0.3234,0
5.78,12.5535,0.9450,-2.0481,-0.3045,0
5.80,13.5854,0.9006,-2.2215,-0.2865,0
5.82,14.5621,0.8529,-2.3853,-0.2694,0
5.84,15.4837,0.8021,-2.5397,-0.2534,0
5.86,16.3389,0.7484,-2.6829,-0.2384,0
5.88,17.1337,0.6921,-2.8160,-0.2246,0
5.90,17.8571,0.6333,-2.9376,-0.2119,0
5.92,18.5149,0.5723,-3.0486,-0.2005,0
5.94,19.0959,0.5093,-3.1475,-0.1903,0
5.96,19.6061,0.4446,-3.2354,-0.1814,0
5.98,20.0401,0.3784,-3.3116,-0.1738,0
6.00,20.3982,0.3109,-3.3763,-0.1676,0
6.02,20.6749,0.2423,-3.4287,-0.1628,0
6.04,20.8704,0.1729,-3.4690,-0.1593,0
6.06,20.9907,0.1029,-3.4982,-0.1572,0
6.08,21.0304,0.0326,-3.5156,-0.1565,0
6.10,20.9899,-0.0378,-3.5210,-0.1573,1
6.12,20.8635,-0.1081,-3.5134,-0.1595,0
6.14,20.6574,-0.1779,-3.4923,-0.1631,0
6.16,20.3720,-0.2470,-3.4572,-0.1680,0
6.18,20.0131,-0.3152,-3.4093,-0.1743,0
6.20,19.5754,-0.3821,-3.3474,-0.1819,0
6.22,19.0650,-0.4476,-3.2726,-0.1909,0
6.24,18.4764,-0.5113,-3.1839,-0.2011,0
6.26,17.8213,-0.5730,-3.0830,-0.2126,0
6.28,17.0943,-0.6324,-2.9691,-0.2252,0
6.30,16.3071,-0.6893,-2.8441,-0.2390,0
6.32,15.4544,-0.7434,-2.7069,-0.2539,0
6.34,14.5421,-0.7946,-2.5585,-0.2698,0
6.36,13.5760,-0.8426,-2.4000,-0.2867,0
6.38,12.5566,-0.8872,-2.2313,-0.3044,0
6.40,11.4954,-0.9283,-2.0545,-0.3230,0
6.42,10.3869,-0.9657,-1.8685,-0.3423,0
6.44,9.2426,-0.9992,-1.6756,-0.3623,0
6.46,8.0629,-1.0287,-1.4757,-0.3829,0
6.48,6.8535,-1.0541,-1.2699,-0.4040,0
6.50,5.6203,-1.0753,-1.0594,-0.4255,0
6.52,4.3691,-1.0922,-0.8452,-0.4473,0
6.54,3.1056,-1.1048,-0.6285,-0.4694,0
6.56,1.8300,-1.1130,-0.4094,-0.4917,0
6.58,0.5479,-1.1168,-0.1890,-0.5140,0
6.60,-0.7291,-1.1162,0.0305,-0.5363,0
6.62,-2.0011,-1.1112,0.2492,-0.5585,0
6.64,-3.2624,-1.1019,0.4658,-0.5805,0
6.66,-4.5073,-1.0883,0.6793,-0.6023,0
6.68,-5.7360,-1.0705,0.8897,-0.6237,0
6.70,-6.9370,-1.0486,1.0949,-0.6447,0
6.72,-8.1105,-1.0227,1.2950,-0.6652,0
6.74,-9.2510,-0.9929,1.4891,-0.6851,0
6.76,-10.3527,-0.9594,1.6760,-0.7043,0
6.78,-11.4103,-0.9223,1.8551,-0.7227,0
6.80,-12.4181,-0.8818,2.0254,-0.7403,0
6.82,-13.3764,-0.8381,2.1870,-0.7571,0
6.84,-14.2854,-0.7913,2.3401,-0.7729,0
6.86,-15.1338,-0.7416,2.4830,-0.7877,0
6.88,-15.9218,-0.6893,2.6158,-0.8015,0
6.90,-16.6497,-0.6345,2.7388,-0.8142,0
6.92,-17.3120,-0.5775,2.8511,-0.8257,0
6.94,-17.9032,-0.5184,2.9530,-0.8361,0
6.96,-18.4293,-0.4575,3.0428,-0.8453,0
6.98,-18.8848,-0.3950,3.1227,-0.8532,0
7.00,-19.2643,-0.3312,3.1908,-0.8598,0
7.02,-19.5680,-0.2663,3.2473,-0.8651,0
7.04,-19.7963,-0.2005,3.2925,-0.8691,0
7.06,-19.9493,-0.1340,3.3263,-0.8718,0
7.08,-20.0273,-0.0670,3.3490,-0.8731,0
7.10,-20.0247,0.0002,3.3597,-0.8731,1
7.12,-19.9477,0.0674,3.3592,-0.8718,0
7.14,-19.7965,0.1343,3.3468,-0.8691,0
7.16,-19.5658,0.2007,3.3205,-0.8651,0
7.18,-19.2614,0.2663,3.2813,-0.8598,0
7.20,-18.8837,0.3309,3.2292,-0.8532,0
7.22,-18.4331,0.3942,3.1642,-0.8453,0
7.24,-17.9097,0.4559,3.0862,-0.8362,0
7.26,-17.3196,0.5158,2.9961,-0.8259,0
7.28,-16.6632,0.5737,2.8940,-0.8144,0
7.30,-15.9406,0.6293,2.7798,-0.8018,0
7.32,-15.1578,0.6824,2.6545,-0.7882,0
7.34,-14.3208,0.7328,2.5190,-0.7735,0
7.36,-13.4242,0.7802,2.3724,-0.7579,0
7.38,-12.4796,0.8245,2.2166,-0.7414,0
7.40,-11.4873,0.8655,2.0518,-0.7241,0
7.42,-10.4530,0.9031,1.8788,-0.7060,0
7.44,-9.3770,0.9371,1.6979,-0.6873,0
7.46,-8.2709,0.9673,1.5109,-0.6680,0
7.48,-7.1349,0.9937,1.3181,-0.6481,0
7.50,-5.9690,1.0161,1.1194,-0.6278,0
7.52,-4.7849,1.0344,0.9171,-0.6071,0
7.54,-3.5826,1.0486,0.7112,-0.5861,0
7.56,-2.3679,1.0587,0.5028,-0.5649,0
7.58,-1.1465,1.0646,0.2930,-0.5436,0
7.60,0.0759,1.0663,0.0828,-0.5223,0
7.62,1.2934,1.0638,-0.1265,-0.5010,0
7.64,2.5062,1.0571,-0.3349,-0.4799,0
7.66,3.7027,1.0463,-0.5403,-0.4590,0
7.68,4.8832,1.0314,-0.7428,-0.4384,0
7.70,6.0419,1.0126,-0.9412,-0.4181,0
7.72,7.1790,0.9899,-1.1356,-0.3983,0
7.74,8.2831,0.9634,-1.3240,-0.3790,0
7.76,9.3543,0.9333,-1.5064,-0.3603,0
7.78,10.3873,0.8997,-1.6820,-0.3423,0
7.80,11.3762,0.8627,-1.8498,-0.3250,0
7.82,12.3214,0.8225,-2.0099,-0.3085,0
7.84,13.2172,0.7793,-2.1606,-0.2929,0
7.86,14.0583,0.7332,-2.3039,-0.2782,0
7.88,14.8446,0.6845,-2.4370,-0.2645,0
7.90,15.5710,0.6333,-2.5603,-0.2518,0
7.92,16.2373,0.5798,-2.6738,-0.2402,0
7.94,16.8383,0.5243,-2.7767,-0.2297,0
7.96,17.3742,0.4669,-2.8693,-0.2204,0
7.98,17.8394,0.4079,-2.9508,-0.2122,0
8.00,18.2400,0.3475,-3.0223,-0.2053,0
8.02,18.5647,0.2859,-3.0821,-0.1996,0
8.04,18.8196,0.2233,-3.1313,-0.1951,0
8.06,19.0048,0.1599,-3.1699,-0.1919,0
8.08,19.1149,0.0960,-3.1972,-0.1900,0
8.10,19.1502,0.0317,-3.2132,-0.1894,0
8.12,19.1108,-0.0327,-3.2179,-0.1901,1
8.14,18.9970,-0.0969,-3.2112,-0.1920,0
8.16,18.8150,-0.1608,-3.1928,-0.1952,0
8.18,18.5591,-0.2240,-3.1614,-0.1997,0
8.20,18.2299,-0.2863,-3.1172,-0.2054,0
8.22,17.8332,-0.3475,-3.0609,-0.2124,0
8.24,17.3636,-0.4073,-2.9918,-0.2205,0
8.26,16.8328,-0.4655,-2.9115,-0.2298,0
8.28,16.2354,-0.5219,-2.8192,-0.2402,0
8.30,15.5773,-0.5762,-2.7159,-0.2517,0
8.32,14.8588,-0.6282,-2.6014,-0.2643,0
8.34,14.0801,-0.6777,-2.4759,-0.2779,0
8.36,13.2473,-0.7245,-2.3402,-0.2924,0
8.38,12.3662,-0.7684,-2.1954,-0.3078,0
8.40,11.4370,-0.8092,-2.0416,-0.3240,0
8.42,10.4658,-0.8468,-1.8796,-0.3409,0
8.44,9.4583,-0.8810,-1.7106,-0.3585,0
8.46,8.4147,-0.9117,-1.5347,-0.3767,0
8.48,7.3409,-0.9388,-1.3528,-0.3955,0
8.50,6.2370,-0.9621,-1.1651,-0.4147,0
8.52,5.1146,-0.9816,-0.9736,-0.4343,0
8.54,3.9738,-0.9972,-0.7785,-0.4542,0
8.56,2.8202,-1.0088,-0.5808,-0.4744,0
8.58,1.6542,-1.0164,-0.3807,-0.4947,0
8.60,0.4869,-1.0200,-0.1802,-0.5151,0
8.62,-0.6814,-1.0196,0.0207,-0.5355,0
8.64,-1.8452,-1.0152,0.2207,-0.5558,0
8.66,-2.9987,-1.0068,0.4189,-0.5759,0
8.68,-4.1363,-0.9945,0.6142,-0.5958,0
8.70,-5.2580,-0.9784,0.8066,-0.6154,0
8.72,-6.3582,-0.9585,0.9950,-0.6346,0
8.74,-7.4313,-0.9349,1.1785,-0.6533,0
8.76,-8.4716,-0.9078,1.3562,-0.6715,0
8.78,-9.4794,-0.8772,1.5280,-0.6890,0
8.80,-10.4432,-0.8434,1.6921,-0.7059,0
8.82,-11.3692,-0.8064,1.8496,-0.7220,0
8.84,-12.2458,-0.7664,1.9986,-0.7373,0
8.86,-13.0734,-0.7236,2.1392,-0.7518,0
8.88,-13.8521,-0.6782,2.2716,-0.7654,0
8.90,-14.5765,-0.6303,2.3950,-0.7780,0
8.92,-15.2409,-0.5801,2.5086,-0.7896,0
8.94,-15.8456,-0.5279,2.6124,-0.8002,0
8.96,-16.3910,-0.4738,2.7068,-0.8097,0
8.98,-16.8714,-0.4180,2.7910,-0.8181,0
9.00,-17.2870,-0.3607,2.8649,-0.8253,0
9.02,-17.6324,-0.3021,2.9280,-0.8313,0
9.04,-17.9079,-0.2425,2.9803,-0.8361,0
9.06,-18.1136,-0.1820,3.0228,-0.8397,0
9.08,-18.2499,-0.1209,3.0529,-0.8421,0
9.10,-18.3169,-0.0594,3.0734,-0.8433,0
9.12,-18.3149,0.0023,3.0835,-0.8433,1
9.14,-18.2442,0.0640,3.0831,-0.8420,0
9.16,-18.0993,0.1254,3.0706,-0.8395,0
9.18,-17.8863,0.1863,3.0461,-0.8358,0
9.20,-17.6054,0.2465,3.0097,-0.8309,0
9.22,-17.2567,0.3057,2.9613,-0.8248,0
9.24,-16.8408,0.3637,2.9010,-0.8175,0
9.26,-16.3577,0.4203,2.8286,-0.8091,0
9.28,-15.8135,0.4752,2.7452,-0.7996,0
9.30,-15.2084,0.5282,2.6507,-0.7890,0
9.32,-14.5428,0.5791,2.5452,-0.7774,0
9.34,-13.8225,0.6277,2.4296,-0.7648,0
9.36,-13.0477,0.6738,2.3039,-0.7513,0
9.38,-12.2245,0.7172,2.1691,-0.7370,0
9.40,-11.3587,0.7577,2.0262,-0.7218,0
9.42,-10.4449,0.7952,1.8742,-0.7059,0
9.44,-9.4946,0.8295,1.7152,-0.6893,0
9.46,-8.5079,0.8605,1.5493,-0.6721,0
9.48,-7.4909,0.8880,1.3774,-0.6543,0
9.50,-6.4436,0.9120,1.1997,-0.6361,0
9.52,-5.3774,0.9324,1.0181,-0.6175,0
9.54,-4.2926,0.9491,0.8329,-0.5985,0
9.56,-3.1892,0.9620,0.6440,-0.5793,0
9.58,-2.0787,0.9711,0.4536,-0.5599,0
9.60,-0.9611,0.9763,0.2617,-0.5404,0
9.62,0.1577,0.9777,0.0695,-0.5208,0
9.64,1.2779,0.9752,-0.1231,-0.5013,0
9.66,2.3879,0.9689,-0.3138,-0.4819,0
9.68,3.4879,0.9588,-0.5028,-0.4627,0
9.70,4.5722,0.9450,-0.6890,-0.4438,0
9.72,5.6351,0.9276,-0.8713,-0.4252,0
9.74,6.6767,0.9066,-1.0498,-0.4071,0
9.76,7.6858,0.8822,-1.2225,-0.3895,0
9.78,8.6624,0.8544,-1.3894,-0.3724,0
9.80,9.6066,0.8234,-1.5506,-0.3559,0
9.82,10.5129,0.7893,-1.7052,-0.3401,0
9.84,11.3757,0.7523,-1.8523,-0.3251,0
9.86,12.1896,0.7125,-1.9911,-0.3109,0
9.88,12.9546,0.6701,-2.1217,-0.2975,0
9.90,13.6709,0.6252,-2.2441,-0.2850,0
9.92,14.3331,0.5780,-2.3576,-0.2734,0
9.94,14.9412,0.5288,-2.4623,-0.2628,0
9.96,15.4900,0.4776,-2.5575,-0.2532,0
9.98,15.9794,0.4247,-2.6432,-0.2447,0
10.00,16.4041,0.3703,-2.7187,-0.2373,0
10.02,16.7642,0.3146,-2.7841,-0.2310,0
10.04,17.0601,0.2578,-2.8395,-0.2258,0
10.06,17.2919,0.2001,-2.8851,-0.2218,0
10.08,17.4542,0.1417,-2.9199,-0.2190,0
10.10,17.5471,0.0828,-2.9441,-0.2173,0
10.12,17.5767,0.0236,-2.9587,-0.2168,0
10.14,17.5374,-0.0357,-2.9628,-0.2175,1
10.16,17.4295,-0.0948,-2.9560,-0.2194,0
10.18,17.2533,-0.1535,-2.9375,-0.2225,0
10.20,17.0092,-0.2116,-2.9070,-0.2267,0
10.22,16.7029,-0.2689,-2.8655,-0.2321,0
10.24,16.3291,-0.3251,-2.8121,-0.2386,0
10.26,15.8937,-0.3801,-2.7476,-0.2462,0
10.28,15.3970,-0.4335,-2.6721,-0.2549,0
10.30,14.8393,-0.4852,-2.5855,-0.2646,0
10.32,14.2265,-0.5350,-2.4889,-0.2753,0
10.34,13.5588,-0.5826,-2.3822,-0.2870,0
10.36,12.8366,-0.6279,-2.2655,-0.2996,0
10.38,12.0656,-0.6707,-2.1397,-0.3130,0
10.40,11.2519,-0.7108,-2.0058,-0.3272,0
10.42,10.3956,-0.7481,-1.8638,-0.3422,0
10.44,9.4968,-0.7824,-1.7138,-0.3578,0
10.46,8.5673,-0.8136,-1.5578,-0.3741,0
10.48,7.6014,-0.8415,-1.3949,-0.3909,0
10.50,6.6107,-0.8660,-1.2272,-0.4082,0
10.52,5.5953,-0.8871,-1.0546,-0.4259,0
10.54,4.5611,-0.9047,-0.8782,-0.4440,0
10.56,3.5080,-0.9187,-0.6982,-0.4624,0
10.58,2.4419,-0.9290,-0.5156,-0.4810,0
10.60,1.3686,-0.9356,-0.3315,-0.4997,0
10.62,0.2938,-0.9385,-0.1469,-0.5185,0
10.64,-0.7824,-0.9377,0.0380,-0.5373,0
10.66,-1.8545,-0.9333,0.2223,-0.5560,0
10.68,-2.9167,-0.9252,0.4049,-0.5745,0
10.70,-3.9632,-0.9135,0.5847,-0.5928,0
10.72,-4.9943,-0.8983,0.7618,-0.6108,0
10.74,-6.0042,-0.8796,0.9350,-0.6284,0
10.76,-6.9873,-0.8575,1.1036,-0.6456,0
10.78,-7.9437,-0.8322,1.2674,-0.6622,0
10.80,-8.8623,-0.8037,1.4246,-0.6783,0
10.82,-9.7486,-0.7722,1.5762,-0.6937,0
10.84,-10.5915,-0.7378,1.7203,-0.7085,0
10.86,-11.3969,-0.7006,1.8580,-0.7225,0
10.88,-12.1535,-0.6609,1.9875,-0.7357,0
10.90,-12.8615,-0.6187,2.1088,-0.7481,0
10.92,-13.5210,-0.5743,2.2222,-0.7596,0
10.94,-14.1267,-0.5278,2.3267,-0.7702,0
10.96,-14.6785,-0.4793,2.4226,-0.7798,0
10.98,-15.1710,-0.4291,2.5089,-0.7884,0
11.00,-15.6044,-0.3774,2.5858,-0.7959,0
11.02,-15.9734,-0.3243,2.6526,-0.8024,0
11.04,-16.2836,-0.2701,2.7103,-0.8078,0
11.06,-16.5298,-0.2149,2.7579,-0.8121,0
11.08,-16.7121,-0.1590,2.7957,-0.8153,0
11.10,-16.8307,-0.1025,2.8237,-0.8174,0
11.12,-16.8859,-0.0457,2.8419,-0.8183,0
11.14,-16.8722,0.0113,2.8496,-0.8181,1
11.16,-16.7955,0.0682,2.8475,-0.8167,0
11.18,-16.6504,0.1249,2.8339,-0.8142,0
11.20,-16.4427,0.1811,2.8093,-0.8106,0
11.22,-16.1729,0.2366,2.7737,-0.8059,0
11.24,-15.8410,0.2911,2.7271,-0.8001,0
11.26,-15.4476,0.3445,2.6696,-0.7932,0
11.28,-14.9926,0.3965,2.6010,-0.7853,0
11.30,-14.4822,0.4469,2.5224,-0.7764,0
11.32,-13.9166,0.4956,2.4337,-0.7665,0
11.34,-13.2958,0.5423,2.3349,-0.7557,0
11.36,-12.6260,0.5868,2.2271,-0.7440,0
11.38,-11.9073,0.6290,2.1102,-0.7314,0
11.40,-11.1399,0.6687,1.9843,-0.7180,0
11.42,-10.3297,0.7057,1.8504,-0.7039,0
11.44,-9.4827,0.7399,1.7094,-0.6891,0
11.46,-8.5989,0.7711,1.5614,-0.6737,0
11.48,-7.6843,0.7992,1.4075,-0.6577,0
11.50,-6.7390,0.8242,1.2477,-0.6412,0
11.52,-5.7688,0.8459,1.0831,-0.6243,0
11.54,-4.7795,0.8642,0.9146,-0.6070,0
11.56,-3.7712,0.8791,0.7425,-0.5894,0
11.58,-2.7498,0.8905,0.5678,-0.5716,0
11.60,-1.7209,0.8983,0.3914,-0.5536,0
11.62,-0.6847,0.9026,0.2136,-0.5355,0
11.64,0.3532,0.9033,0.0353,-0.5174,0
11.66,1.3870,0.9005,-0.1424,-0.4994,0
11.68,2.4111,0.8941,-0.3185,-0.4815,0
11.70,3.4253,0.8842,-0.4928,-0.4638,0
11.72,4.4242,0.8709,-0.6645,-0.4464,0
11.74,5.4021,0.8543,-0.8324,-0.4293,0
11.76,6.3590,0.8344,-0.9967,-0.4126,0
11.78,7.2894,0.8113,-1.1563,-0.3964,0
11.80,8.1876,0.7851,-1.3103,-0.3807,0
11.82,9.0537,0.7559,-1.4587,-0.3656,0
11.84,9.8822,0.7239,-1.6007,-0.3511,0
11.86,10.6732,0.6892,-1.7362,-0.3373,0
11.88,11.4212,0.6519,-1.8645,-0.3243,0
11.90,12.1205,0.6122,-1.9847,-0.3121,0
11.92,12.7715,0.5703,-2.0969,-0.3007,0
11.94,13.3742,0.5263,-2.2011,-0.2902,0
11.96,13.9232,0.4804,-2.2966,-0.2806,0
11.98,14.4187,0.4327,-2.3835,-0.2719,0
12.00,14.8607,0.3835,-2.4619,-0.2642,0
12.02,15.2439,0.3329,-2.5310,-0.2575,0
12.04,15.5684,0.2811,-2.5908,-0.2519,0
12.06,15.8288,0.2283,-2.6406,-0.2473,0
12.08,16.0309,0.1747,-2.6814,-0.2438,0
12.10,16.1693,0.1205,-2.7122,-0.2414,0
12.12,16.2442,0.0658,-2.7332,-0.2401,0
12.14,16.2558,0.0109,-2.7445,-0.2399,0
12.16,16.2043,-0.0440,-2.7459,-0.2408,1
12.18,16.0900,-0.0987,-2.7372,-0.2428,0
12.20,15.9132,-0.1531,-2.7176,-0.2459,0
12.22,15.6739,-0.2068,-2.6870,-0.2500,0
12.24,15.3784,-0.2597,-2.6464,-0.2552,0
12.26,15.0211,-0.3116,-2.5948,-0.2614,0
12.28,14.6078,-0.3623,-2.5331,-0.2686,0
12.30,14.1388,-0.4115,-2.4614,-0.2768,0
12.32,13.6144,-0.4591,-2.3797,-0.2860,0
12.34,13.0349,-0.5049,-2.2879,-0.2961,0
12.36,12.4060,-0.5486,-2.1871,-0.3071,0
12.38,11.7282,-0.5901,-2.0772,-0.3189,0
12.40,11.0073,-0.6293,-1.9593,-0.3315,0
12.42,10.2433,-0.6660,-1.8333,-0.3448,0
12.44,9.4423,-0.7000,-1.7003,-0.3588,0
12.46,8.6044,-0.7312,-1.5604,-0.3734,0
12.48,7.7354,-0.7595,-1.4145,-0.3886,0
12.50,6.8356,-0.7848,-1.2626,-0.4043,0
12.52,5.9107,-0.8069,-1.1060,-0.4204,0
12.54,4.9665,-0.8258,-0.9455,-0.4369,0
12.56,4.0033,-0.8414,-0.7813,-0.4537,0
12.58,3.0266,-0.8537,-0.6144,-0.4708,0
12.60,2.0367,-0.8626,-0.4448,-0.4881,0
12.62,1.0392,-0.8681,-0.2738,-0.5055,0
12.64,0.0399,-0.8701,-0.1022,-0.5229,0
12.66,-0.9555,-0.8687,0.0688,-0.5403,0
12.68,-1.9469,-0.8639,0.2393,-0.5576,0
12.70,-2.9287,-0.8557,0.4081,-0.5747,0
12.72,-3.8953,-0.8442,0.5743,-0.5916,0
12.74,-4.8467,-0.8294,0.7378,-0.6082,0
12.76,-5.7771,-0.8114,0.8977,-0.6244,0
12.78,-6.6812,-0.7903,1.0530,-0.6402,0
12.80,-7.5588,-0.7662,1.2037,-0.6555,0
12.82,-8.4045,-0.7392,1.3489,-0.6703,0
12.84,-9.2183,-0.7094,1.4886,-0.6845,0
12.86,-9.9947,-0.6770,1.6220,-0.6980,0
12.88,-10.7282,-0.6420,1.7480,-0.7108,0
12.90,-11.4187,-0.6047,1.8669,-0.7229,0
12.92,-12.0667,-0.5651,1.9788,-0.7342,0
12.94,-12.6664,-0.5234,2.0827,-0.7447,0
12.96,-13.2180,-0.4798,2.1788,-0.7543,0
12.98,-13.7161,-0.4345,2.2662,-0.7630,0
13.00,-14.1608,-0.3876,2.3450,-0.7708,0
13.02,-14.5524,-0.3393,2.4154,-0.7776,0
13.04,-14.8853,-0.2898,2.4765,-0.7834,0
13.06,-15.1597,-0.2392,2.5285,-0.7882,0
13.08,-15.3757,-0.1878,2.5713,-0.7920,0
13.10,-15.5338,-0.1357,2.6050,-0.7947,0
13.12,-15.6282,-0.0831,2.6289,-0.7964,0
13.14,-15.6650,-0.0302,2.6438,-0.7970,0
13.16,-15.6386,0.0228,2.6489,-0.7965,1
13.18,-15.5494,0.0757,2.6440,-0.7950,0
13.20,-15.4031,0.1283,2.6293,-0.7924,0
13.22,-15.1945,0.1804,2.6036,-0.7888,0
13.24,-14.9293,0.2318,2.5680,-0.7842,0
13.26,-14.6079,0.2822,2.5223,-0.7786,0
13.28,-14.2306,0.3315,2.4666,-0.7720,0
13.30,-13.7975,0.3795,2.4008,-0.7644,0
13.32,-13.3087,0.4260,2.3251,-0.7559,0
13.34,-12.7704,0.4708,2.2403,-0.7465,0
13.36,-12.1826,0.5137,2.1464,-0.7362,0
13.38,-11.5457,0.5546,2.0435,-0.7251,0
13.40,-10.8654,0.5933,1.9326,-0.7132,0
13.42,-10.1419,0.6296,1.8137,-0.7006,0
13.44,-9.3813,0.6634,1.6877,-0.6873,0
13.46,-8.5836,0.6945,1.5547,-0.6734,0
13.48,-7.7547,0.7228,1.4158,-0.6589,0
13.50,-6.8948,0.7482,1.2710,-0.6439,0
13.52,-6.0097,0.7706,1.1213,-0.6285,0
13.54,-5.1052,0.7900,0.9678,-0.6127,0
13.56,-4.1813,0.8062,0.8105,-0.5966,0
13.58,-3.2439,0.8192,0.6505,-0.5802,0
13.60,-2.2931,0.8290,0.4878,-0.5636,0
13.62,-1.3345,0.8355,0.3236,-0.5469,0
13.64,-0.3740,0.8387,0.1587,-0.5301,0
13.66,0.5884,0.8386,-0.0066,-0.5133,0
13.68,1.5471,0.8352,-0.1714,-0.4966,0
13.70,2.4963,0.8285,-0.3346,-0.4800,0
13.72,3.4360,0.8186,-0.4962,-0.4636,0
13.74,4.3607,0.8055,-0.6553,-0.4475,0
13.76,5.2646,0.7893,-0.8107,-0.4317,0
13.78,6.1478,0.7700,-0.9626,-0.4163,0
13.80,7.0047,0.7478,-1.1099,-0.4013,0
13.82,7.8354,0.7227,-1.2527,-0.3868,0
13.84,8.6343,0.6949,-1.3901,-0.3729,0
13.86,9.3958,0.6645,-1.5211,-0.3596,0
13.88,10.1202,0.6316,-1.6458,-0.3470,0
13.90,10.8017,0.5963,-1.7633,-0.3351,0
13.92,11.4405,0.5588,-1.8738,-0.3239,0
13.94,12.0369,0.5193,-1.9773,-0.3135,0
13.96,12.5853,0.4778,-2.0729,-0.3039,0
13.98,13.0858,0.4346,-2.1608,-0.2952,0
14.00,13.5330,0.3898,-2.2401,-0.2874,0
14.02,13.9269,0.3436,-2.3108,-0.2805,0
14.04,14.2679,0.2961,-2.3732,-0.2746,0
14.06,14.5503,0.2476,-2.4263,-0.2696,0
14.08,14.7801,0.1982,-2.4712,-0.2656,0
14.10,14.9519,0.1481,-2.5069,-0.2626,0
14.12,15.0658,0.0974,-2.5336,-0.2607,0
14.14,15.1161,0.0464,-2.5504,-0.2598,0
14.16,15.1091,-0.0048,-2.5582,-0.2599,1
14.18,15.0447,-0.0559,-2.5570,-0.2610,0
14.20,14.9234,-0.1068,-2.5463,-0.2631,0
14.22,14.7452,-0.1573,-2.5256,-0.2662,0
14.24,14.5104,-0.2072,-2.4948,-0.2703,0
14.26,14.2193,-0.2563,-2.4541,-0.2754,0
14.28,13.8720,-0.3044,-2.4034,-0.2815,0
14.30,13.4687,-0.3513,-2.3426,-0.2885,0
14.32,13.0155,-0.3968,-2.2728,-0.2964,0
14.34,12.5125,-0.4407,-2.1940,-0.3052,0
14.36,11.9601,-0.4828,-2.1061,-0.3149,0
14.38,11.3583,-0.5230,-2.0092,-0.3254,0
14.40,10.7130,-0.5611,-1.9043,-0.3366,0
14.42,10.0302,-0.5969,-1.7923,-0.3485,0
14.44,9.3101,-0.6304,-1.6733,-0.3611,0
14.46,8.5526,-0.6613,-1.5474,-0.3743,0
14.48,7.7640,-0.6896,-1.4155,-0.3881,0
14.50,6.9440,-0.7152,-1.2776,-0.4024,0
14.52,6.0986,-0.7379,-1.1349,-0.4172,0
14.54,5.2280,-0.7576,-0.9874,-0.4324,0
14.56,4.3380,-0.7743,-0.8360,-0.4479,0
14.58,3.4343,-0.7879,-0.6820,-0.4637,0
14.60,2.5170,-0.7984,-0.5252,-0.4797,0
14.62,1.5919,-0.8057,-0.3668,-0.4958,0
14.64,0.6647,-0.8099,-0.2078,-0.5120,0
14.66,-0.2646,-0.8109,-0.0482,-0.5282,0
14.68,-1.1903,-0.8087,0.1109,-0.5444,0
14.70,-2.1124,-0.8033,0.2694,-0.5605,0
14.72,-3.0250,-0.7948,0.4264,-0.5764,0
14.74,-3.9228,-0.7832,0.5809,-0.5921,0
14.76,-4.8055,-0.7685,0.7328,-0.6075,0
14.78,-5.6676,-0.7509,0.8812,-0.6225,0
14.80,-6.5036,-0.7304,1.0250,-0.6371,0
14.82,-7.3134,-0.7071,1.1644,-0.6512,0
14.84,-8.0915,-0.6811,1.2984,-0.6648,0
14.86,-8.8380,-0.6526,1.4270,-0.6779,0
14.88,-9.5531,-0.6216,1.5503,-0.6903,0
14.90,-10.2254,-0.5883,1.6664,-0.7021,0
14.92,-10.8608,-0.5528,1.7764,-0.7132,0
14.94,-11.4537,-0.5152,1.8794,-0.7235,0
14.96,-11.9986,-0.4757,1.9745,-0.7330,0
14.98,-12.4957,-0.4345,2.0619,-0.7417,0
15.00,-12.9451,-0.3917,2.1415,-0.7495,0
15.02,-13.3413,-0.3474,2.2126,-0.7564,0
15.04,-13.6845,-0.3019,2.2762,-0.7624,0
15.06,-13.9749,-0.2553,2.3295,-0.7675,0
15.08,-14.2126,-0.2078,2.3755,-0.7717,0
15.10,-14.3980,-0.1595,2.4133,-0.7749,0
15.12,-14.5253,-0.1107,2.4419,-0.7771,0
15.14,-14.5950,-0.0615,2.4615,-0.7783,0
15.16,-14.6071,-0.0121,2.4721,-0.7785,0
15.18,-14.5619,0.0374,2.4736,-0.7778,1
15.20,-14.4653,0.0867,2.4668,-0.7761,0
15.22,-14.3118,0.1357,2.4500,-0.7734,0
15.24,-14.1015,0.1842,2.4233,-0.7697,0
15.26,-13.8348,0.2319,2.3866,-0.7651,0
15.28,-13.5176,0.2787,2.3408,-0.7595,0
15.30,-13.1444,0.3244,2.2850,-0.7530,0
15.32,-12.7211,0.3688,2.2202,-0.7456,0
15.34,-12.2479,0.4117,2.1464,-0.7374,0
15.36,-11.7308,0.4530,2.0645,-0.7283,0
15.38,-11.1642,0.4925,1.9736,-0.7185,0
15.40,-10.5597,0.5300,1.8756,-0.7079,0
15.42,-9.9118,0.5654,1.7697,-0.6966,0
15.44,-9.2264,0.5985,1.6567,-0.6846,0
15.46,-8.5036,0.6292,1.5368,-0.6720,0
15.48,-7.7494,0.6574,1.4109,-0.6589,0
15.50,-6.9695,0.6830,1.2800,-0.6452,0
15.52,-6.1584,0.7059,1.1433,-0.6311,0
15.54,-5.3275,0.7260,1.0027,-0.6166,0
15.56,-4.4770,0.7432,0.8583,-0.6017,0
15.58,-3.6070,0.7574,0.7101,-0.5866,0
15.60,-2.7290,0.7686,0.5603,-0.5712,0
15.62,-1.8373,0.7768,0.4077,-0.5557,0
15.64,-0.9433,0.7819,0.2545,-0.5401,0
15.66,-0.0472,0.7839,0.1007,-0.5244,0
15.68,0.8511,0.7828,-0.0536,-0.5087,0
15.70,1.7459,0.7787,-0.2074,-0.4931,0
15.72,2.6315,0.7715,-0.3598,-0.4777,0
15.74,3.5022,0.7613,-0.5096,-0.4625,0
15.76,4.3580,0.7482,-0.6570,-0.4475,0
15.78,5.1991,0.7322,-0.8018,-0.4329,0
15.80,6.0141,0.7134,-0.9422,-0.4186,0
15.82,6.8087,0.6918,-1.0791,-0.4048,0
15.84,7.5717,0.6676,-1.2105,-0.3914,0
15.86,8.3088,0.6408,-1.3377,-0.3786,0
15.88,9.0087,0.6116,-1.4585,-0.3664,0
15.90,9.6716,0.5801,-1.5732,-0.3548,0
15.92,10.2977,0.5465,-1.6817,-0.3439,0
15.94,10.8814,0.5108,-1.7833,-0.3337,0
15.96,11.4227,0.4732,-1.8778,-0.3242,0
15.98,11.9219,0.4339,-1.9656,-0.3155,0
16.00,12.3735,0.3930,-2.0456,-0.3076,0
16.02,12.7776,0.3506,-2.1180,-0.3006,0
16.04,13.1286,0.3070,-2.1818,-0.2945,0
16.06,13.4269,0.2623,-2.2373,-0.2893,0
16.08,13.6725,0.2166,-2.2844,-0.2850,0
16.10,13.8657,0.1701,-2.3232,-0.2816,0
16.12,14.0065,0.1230,-2.3538,-0.2791,0
16.14,14.0952,0.0755,-2.3762,-0.2776,0
16.16,14.1264,0.0277,-2.3896,-0.2770,0
16.18,14.1059,-0.0202,-2.3948,-0.2774,1
16.20,14.0282,-0.0680,-2.3909,-0.2788,0
16.22,13.8935,-0.1155,-2.3771,-0.2811,0
16.24,13.7078,-0.1626,-2.3543,-0.2844,0
16.26,13.4655,-0.2090,-2.3216,-0.2886,0
16.28,13.1727,-0.2546,-2.2798,-0.2937,0
16.30,12.8294,-0.2992,-2.2290,-0.2997,0
16.32,12.4359,-0.3426,-2.1692,-0.3066,0
16.34,11.9924,-0.3846,-2.1004,-0.3143,0
16.36,11.5048,-0.4251,-2.0235,-0.3228,0
16.38,10.9734,-0.4639,-1.9386,-0.3321,0
16.40,10.3982,-0.5008,-1.8456,-0.3421,0
16.42,9.7852,-0.5357,-1.7457,-0.3528,0
16.44,9.1346,-0.5685,-1.6387,-0.3642,0
16.46,8.4465,-0.5990,-1.5248,-0.3762,0
16.48,7.7267,-0.6271,-1.4049,-0.3887,0
16.50,6.9812,-0.6527,-1.2800,-0.4018,0
16.52,6.2043,-0.6757,-1.1493,-0.4153,0
16.54,5.4075,-0.6960,-1.0147,-0.4292,0
16.56,4.5910,-0.7135,-0.8762,-0.4435,0
16.58,3.7549,-0.7282,-0.7340,-0.4581,0
16.60,2.9048,-0.7400,-0.5891,-0.4729,0
16.62,2.0467,-0.7488,-0.4424,-0.4879,0
16.64,1.1806,-0.7547,-0.2941,-0.5030,0
16.66,0.3121,-0.7576,-0.1451,-0.5182,0
16.68,-0.5587,-0.7575,0.0044,-0.5334,0
16.70,-1.4261,-0.7544,0.1535,-0.5485,0
16.72,-2.2843,-0.7484,0.3012,-0.5635,0
16.74,-3.1335,-0.7395,0.4473,-0.5783,0
16.76,-3.9680,-0.7277,0.5910,-0.5929,0
16.78,-4.7878,-0.7131,0.7322,-0.6072,0
16.80,-5.5872,-0.6957,0.8700,-0.6211,0
16.82,-6.3606,-0.6756,1.0034,-0.6346,0
16.84,-7.1081,-0.6530,1.1323,-0.6477,0
16.86,-7.8300,-0.6279,1.2569,-0.6603,0
16.88,-8.5204,-0.6004,1.3763,-0.6723,0
16.90,-9.1738,-0.5706,1.4894,-0.6837,0
16.92,-9.7904,-0.5387,1.5964,-0.6945,0
16.94,-10.3703,-0.5048,1.6974,-0.7046,0
16.96,-10.9080,-0.4690,1.7914,-0.7140,0
16.98,-11.4036,-0.4314,1.8786,-0.7226,0
17.00,-11.8514,-0.3922,1.9579,-0.7304,0
17.02,-12.2518,-0.3516,2.0297,-0.7374,0
17.04,-12.6048,-0.3097,2.0938,-0.7436,0
17.06,-12.9108,-0.2667,2.1504,-0.7489,0
17.08,-13.1640,-0.2227,2.1987,-0.7534,0
17.10,-13.3705,-0.1779,2.2395,-0.7570,0
17.12,-13.5247,-0.1325,2.2721,-0.7596,0
17.14,-13.6211,-0.0866,2.2964,-0.7613,0
17.16,-13.6656,-0.0404,2.3107,-0.7621,0
17.18,-13.6583,0.0060,2.3177,-0.7620,1
17.20,-13.5994,0.0523,2.3166,-0.7610,0
17.22,-13.4893,0.0984,2.3068,-0.7590,0
17.24,-13.3223,0.1441,2.2870,-0.7561,0
17.26,-13.1045,0.1893,2.2583,-0.7523,0
17.28,-12.8358,0.2337,2.2205,-0.7476,0
17.30,-12.5167,0.2772,2.1736,-0.7421,0
17.32,-12.1530,0.3196,2.1188,-0.7357,0
17.34,-11.7392,0.3607,2.0549,-0.7285,0
17.36,-11.2812,0.4004,1.9830,-0.7205,0
17.38,-10.7792,0.4385,1.9031,-0.7117,0
17.40,-10.2333,0.4748,1.8152,-0.7022,0
17.42,-9.6496,0.5092,1.7202,-0.6920,0
17.44,-9.0281,0.5416,1.6183,-0.6812,0
17.46,-8.3746,0.5718,1.5103,-0.6698,0
17.48,-7.6895,0.5997,1.3964,-0.6578,0
17.50,-6.9727,0.6252,1.2766,-0.6453,0
17.52,-6.2301,0.6482,1.1518,-0.6323,0
17.54,-5.4619,0.6686,1.0222,-0.6189,0
17.56,-4.6738,0.6864,0.8888,-0.6052,0
17.58,-3.8716,0.7014,0.7525,-0.5912,0
17.60,-3.0555,0.7137,0.6135,-0.5769,0
17.62,-2.2253,0.7231,0.4717,-0.5624,0
17.64,-1.3870,0.7297,0.3282,-0.5478,0
17.66,-0.5462,0.7334,0.1841,-0.5331,0
17.68,0.2969,0.7342,0.0394,-0.5184,0
17.70,1.1368,0.7321,-0.1049,-0.5038,0
17.72,1.9676,0.7271,-0.2478,-0.4893,0
17.74,2.7894,0.7193,-0.3893,-0.4749,0
17.76,3.6024,0.7087,-0.5293,-0.4607,0
17.78,4.4007,0.6954,-0.6669,-0.4468,0
17.80,5.1788,0.6794,-0.8010,-0.4332,0
17.82,5.9366,0.6608,-0.9318,-0.4200,0
17.84,6.6687,0.6396,-1.0582,-0.4072,0
17.86,7.3750,0.6160,-1.1802,-0.3949,0
17.88,8.0501,0.5901,-1.2970,-0.3831,0
17.90,8.6939,0.5619,-1.4086,-0.3719,0
17.92,9.3009,0.5316,-1.5140,-0.3613,0
17.94,9.8712,0.4993,-1.6134,-0.3513,0
17.96,10.4050,0.4652,-1.7068,-0.3420,0
17.98,10.8968,0.4293,-1.7934,-0.3334,0
18.00,11.3466,0.3918,-1.8731,-0.3256,0
18.02,11.7489,0.3529,-1.9451,-0.3185,0
18.04,12.1096,0.3127,-2.0104,-0.3122,0
18.06,12.4232,0.2713,-2.0682,-0.3068,0
18.08,12.6840,0.2289,-2.1175,-0.3022,0
18.10,12.8980,0.1857,-2.1595,-0.2985,0
18.12,13.0597,0.1418,-2.1931,-0.2957,0
18.14,13.1693,0.0974,-2.2184,-0.2938,0
18.16,13.2269,0.0527,-2.2355,-0.2927,0
18.18,13.2385,0.0078,-2.2453,-0.2925,0
18.20,13.1984,-0.0371,-2.2470,-0.2932,1
18.22,13.1070,-0.0819,-2.2401,-0.2948,0
18.24,12.9644,-0.1264,-2.2243,-0.2973,0
18.26,12.7707,-0.1704,-2.1995,-0.3007,0
18.28,12.5263,-0.2137,-2.1657,-0.3050,0
18.30,12.2312,-0.2562,-2.1229,-0.3101,0
18.32,11.8915,-0.2976,-2.0720,-0.3161,0
18.34,11.5017,-0.3378,-2.0121,-0.3229,0
18.36,11.0675,-0.3767,-1.9443,-0.3304,0
18.38,10.5950,-0.4141,-1.8693,-0.3387,0
18.40,10.0785,-0.4498,-1.7864,-0.3477,0
18.42,9.5239,-0.4837,-1.6965,-0.3574,0
18.44,8.9315,-0.5157,-1.5995,-0.3677,0
18.46,8.3071,-0.5456,-1.4966,-0.3786,0
18.48,7.6508,-0.5734,-1.3877,-0.3901,0
18.50,6.9627,-0.5989,-1.2729,-0.4021,0
18.52,6.2486,-0.6220,-1.1531,-0.4145,0
18.54,5.5145,-0.6426,-1.0295,-0.4274,0
18.56,4.7548,-0.6606,-0.9010,-0.4406,0
18.58,3.9808,-0.6760,-0.7697,-0.4541,0
18.60,3.1928,-0.6887,-0.6355,-0.4679,0
18.62,2.3907,-0.6987,-0.4987,-0.4819,0
18.64,1.5803,-0.7059,-0.3601,-0.4960,0
18.66,0.7673,-0.7103,-0.2209,-0.5102,0
18.68,-0.0481,-0.7119,-0.0810,-0.5244,0
18.70,-0.8603,-0.7107,0.0585,-0.5386,0
18.72,-1.6694,-0.7067,0.1977,-0.5527,0
18.74,-2.4695,-0.7000,0.3354,-0.5667,0
18.76,-3.2609,-0.6906,0.4717,-0.5805,0
18.78,-4.0377,-0.6785,0.6056,-0.5941,0
18.80,-4.8000,-0.6638,0.7371,-0.6074,0
18.82,-5.5423,-0.6465,0.8652,-0.6203,0
18.84,-6.2587,-0.6267,0.9889,-0.6328,0
18.86,-6.9495,-0.6045,1.1084,-0.6449,0
18.88,-7.6147,-0.5800,1.2236,-0.6565,0
18.90,-8.2488,-0.5533,1.3336,-0.6676,0
18.92,-8.8517,-0.5245,1.4384,-0.6781,0
18.94,-9.4181,-0.4938,1.5371,-0.6880,0
18.96,-9.9480,-0.4612,1.6299,-0.6972,0
18.98,-10.4358,-0.4269,1.7157,-0.7057,0
19.00,-10.8817,-0.3910,1.7948,-0.7135,0
19.02,-11.2858,-0.3537,1.8670,-0.7206,0
19.04,-11.6484,-0.3150,1.9326,-0.7269,0
19.06,-11.9636,-0.2752,1.9906,-0.7324,0
19.08,-12.2320,-0.2344,2.0411,-0.7371,0
19.10,-12.4536,-0.1927,2.0841,-0.7410,0
19.12,-12.6284,-0.1503,2.1196,-0.7440,0
19.14,-12.7511,-0.1074,2.1469,-0.7461,0
19.16,-12.8218,-0.0641,2.1659,-0.7474,0
19.18,-12.8464,-0.0205,2.1776,-0.7478,0
19.20,-12.8193,0.0231,2.1811,-0.7473,1
19.22,-12.7408,0.0666,2.1762,-0.7460,0
19.24,-12.6168,0.1099,2.1634,-0.7438,0
19.26,-12.4416,0.1527,2.1415,-0.7407,0
19.28,-12.2156,0.1949,2.1107,-0.7368,0
19.30,-11.9447,0.2363,2.0719,-0.7321,0
19.32,-11.6291,0.2768,2.0250,-0.7266,0
19.34,-11.2688,0.3162,1.9701,-0.7203,0
19.36,-10.8641,0.3543,1.9072,-0.7132,0
19.38,-10.4153,0.3910,1.8363,-0.7054,0
19.40,-9.9281,0.4262,1.7584,-0.6969,0
19.42,-9.4027,0.4597,1.6734,-0.6877,0
19.44,-8.8393,0.4913,1.5815,-0.6779,0
19.46,-8.2438,0.5210,1.4835,-0.6675,0
19.48,-7.6163,0.5486,1.3796,-0.6565,0
19.50,-6.9569,0.5740,1.2698,-0.6450,0
19.52,-6.2716,0.5971,1.1551,-0.6331,0
19.54,-5.5660,0.6178,1.0364,-0.6207,0
19.56,-4.8346,0.6361,0.9129,-0.6080,0
19.58,-4.0889,0.6518,0.7865,-0.5950,0
19.60,-3.3290,0.6649,0.6574,-0.5817,0
19.62,-2.5550,0.6754,0.5254,-0.5682,0
19.64,-1.7725,0.6832,0.3918,-0.5545,0
19.66,-0.9817,0.6883,0.2564,-0.5407,0
19.68,-0.1883,0.6907,0.1204,-0.5269,0
19.70,0.6020,0.6904,-0.0153,-0.5131,0
19.72,1.3892,0.6874,-0.1507,-0.4994,0
19.74,2.1677,0.6817,-0.2846,-0.4858,0
19.76,2.9373,0.6734,-0.4172,-0.4723,0
19.78,3.6983,0.6624,-0.5484,-0.4591,0
19.80,4.4391,0.6489,-0.6762,-0.4461,0
19.82,5.1656,0.6329,-0.8016,-0.4334,0
19.84,5.8721,0.6144,-0.9237,-0.4211,0
19.86,6.5529,0.5936,-1.0415,-0.4092,0
19.88,7.2083,0.5705,-1.1551,-0.3978,0
19.90,7.8325,0.5452,-1.2634,-0.3869,0
19.92,8.4257,0.5179,-1.3666,-0.3765,0
19.94,8.9880,0.4886,-1.4647,-0.3667,0
19.96,9.5138,0.4575,-1.5568,-0.3576,0
19.98,9.9977,0.4247,-1.6419,-0.3491,0
20.00,10.4453,0.3903,-1.7212,-0.3413,0
